{
  "eval_loss": 0.42773300409317017,
  "eval_mean_iou": 0.6091154803332662,
  "eval_mean_accuracy": 0.736121508642167,
  "eval_overall_accuracy": 0.9122876872324049,
  "eval_accuracy_unlabeled": NaN,
  "eval_accuracy_paved-area": 0.9672059208389046,
  "eval_accuracy_dirt": 0.7166747580591502,
  "eval_accuracy_grass": 0.9707492201273815,
  "eval_accuracy_gravel": 0.842828764402066,
  "eval_accuracy_water": 0.9586257403044004,
  "eval_accuracy_rocks": 0.6835330406928461,
  "eval_accuracy_pool": 0.9960017014036581,
  "eval_accuracy_vegetation": 0.8845596210843392,
  "eval_accuracy_roof": 0.9696460035239468,
  "eval_accuracy_wall": 0.7529991225677061,
  "eval_accuracy_window": 0.6335487784959283,
  "eval_accuracy_door": 0.0,
  "eval_accuracy_fence": 0.6198999762789594,
  "eval_accuracy_fence-pole": 0.0,
  "eval_accuracy_person": 0.8188700898158258,
  "eval_accuracy_dog": NaN,
  "eval_accuracy_car": 0.9537803706991829,
  "eval_accuracy_bicycle": 0.5898805263447668,
  "eval_accuracy_tree": 0.7975517850314298,
  "eval_accuracy_bald-tree": 0.746904846126636,
  "eval_accuracy_ar-marker": 0.8597930994625209,
  "eval_accuracy_obstacle": 0.695498316225856,
  "eval_accuracy_conflicting": NaN,
  "eval_iou_unlabeled": 0.0,
  "eval_iou_paved-area": 0.9305738998467314,
  "eval_iou_dirt": 0.5892425491908408,
  "eval_iou_grass": 0.9398347506848537,
  "eval_iou_gravel": 0.7223036358287663,
  "eval_iou_water": 0.9177722228996464,
  "eval_iou_rocks": 0.44830761250162104,
  "eval_iou_pool": 0.9631457716354064,
  "eval_iou_vegetation": 0.7698330961181169,
  "eval_iou_roof": 0.9531032075815803,
  "eval_iou_wall": 0.6161606105856977,
  "eval_iou_window": 0.4129204939473204,
  "eval_iou_door": 0.0,
  "eval_iou_fence": 0.49891814493675923,
  "eval_iou_fence-pole": 0.0,
  "eval_iou_person": 0.6704358606289965,
  "eval_iou_dog": NaN,
  "eval_iou_car": 0.9125769264106787,
  "eval_iou_bicycle": 0.43744896292666996,
  "eval_iou_tree": 0.6857756136487905,
  "eval_iou_bald-tree": 0.5519449754121126,
  "eval_iou_ar-marker": 0.8107798790124803,
  "eval_iou_obstacle": 0.5694623535347872,
  "eval_iou_conflicting": NaN,
  "eval_runtime": 16.0145,
  "eval_samples_per_second": 2.498,
  "eval_steps_per_second": 0.624,
  "epoch": 50.0
}