{
  "eval_loss": 0.42604392766952515,
  "eval_mean_iou": 0.5015435089067312,
  "eval_mean_accuracy": 0.5843092095454816,
  "eval_overall_accuracy": 0.8756227947833227,
  "eval_accuracy_unlabeled": NaN,
  "eval_accuracy_paved-area": 0.9597634059048565,
  "eval_accuracy_dirt": 0.627841126124683,
  "eval_accuracy_grass": 0.9653654583620004,
  "eval_accuracy_gravel": 0.8150464839094159,
  "eval_accuracy_water": 0.950932942749793,
  "eval_accuracy_rocks": 0.19915371534780718,
  "eval_accuracy_pool": 0.9833262441514249,
  "eval_accuracy_vegetation": 0.8537524908533004,
  "eval_accuracy_roof": 0.9326926157296171,
  "eval_accuracy_wall": 0.645694314386203,
  "eval_accuracy_window": 0.04050680168933896,
  "eval_accuracy_door": 0.0,
  "eval_accuracy_fence": 0.2970566142168103,
  "eval_accuracy_fence-pole": 0.0,
  "eval_accuracy_person": 0.6784083392440169,
  "eval_accuracy_dog": NaN,
  "eval_accuracy_car": 0.9221640425416266,
  "eval_accuracy_bicycle": 0.25326212630072126,
  "eval_accuracy_tree": 0.7187087792868467,
  "eval_accuracy_bald-tree": 0.732202865228157,
  "eval_accuracy_ar-marker": 0.18696179853204647,
  "eval_accuracy_obstacle": 0.5076532358964463,
  "eval_accuracy_conflicting": NaN,
  "eval_iou_unlabeled": NaN,
  "eval_iou_paved-area": 0.8912575645564494,
  "eval_iou_dirt": 0.49776678428660187,
  "eval_iou_grass": 0.9163724784628684,
  "eval_iou_gravel": 0.6659905490706846,
  "eval_iou_water": 0.8694272522430728,
  "eval_iou_rocks": 0.17450664448949182,
  "eval_iou_pool": 0.8858150049812246,
  "eval_iou_vegetation": 0.7127268293004463,
  "eval_iou_roof": 0.8980455310174111,
  "eval_iou_wall": 0.4437007574797963,
  "eval_iou_window": 0.03936329418166976,
  "eval_iou_door": 0.0,
  "eval_iou_fence": 0.24344508614335356,
  "eval_iou_fence-pole": 0.0,
  "eval_iou_person": 0.5280638197563335,
  "eval_iou_dog": NaN,
  "eval_iou_car": 0.8547653035519355,
  "eval_iou_bicycle": 0.23297037224613826,
  "eval_iou_tree": 0.58425981229414,
  "eval_iou_bald-tree": 0.508844617433166,
  "eval_iou_ar-marker": 0.18599436554935894,
  "eval_iou_obstacle": 0.39909761999721066,
  "eval_iou_conflicting": NaN,
  "eval_runtime": 1.6469,
  "eval_samples_per_second": 24.289,
  "eval_steps_per_second": 6.072,
  "epoch": 50.0
}