{
  "eval_loss": 0.30598777532577515,
  "eval_mean_iou": 0.6278615485828836,
  "eval_mean_accuracy": 0.7307702620076638,
  "eval_overall_accuracy": 0.9047899385913145,
  "eval_accuracy_unlabeled": NaN,
  "eval_accuracy_paved-area": 0.9514753628370202,
  "eval_accuracy_dirt": 0.683452404129321,
  "eval_accuracy_grass": 0.9628104043918381,
  "eval_accuracy_gravel": 0.8741104489471593,
  "eval_accuracy_water": 0.9544736674520792,
  "eval_accuracy_rocks": 0.685253292205481,
  "eval_accuracy_pool": 0.9846022968949383,
  "eval_accuracy_vegetation": 0.8864200503944406,
  "eval_accuracy_roof": 0.9765897805542207,
  "eval_accuracy_wall": 0.7033099105608931,
  "eval_accuracy_window": 0.6554355181183937,
  "eval_accuracy_door": 0.0,
  "eval_accuracy_fence": 0.6260377955246303,
  "eval_accuracy_fence-pole": 0.0,
  "eval_accuracy_person": 0.809856629396154,
  "eval_accuracy_dog": NaN,
  "eval_accuracy_car": 0.9535629518236008,
  "eval_accuracy_bicycle": 0.4960083686615647,
  "eval_accuracy_tree": 0.769271421880975,
  "eval_accuracy_bald-tree": 0.822559250088433,
  "eval_accuracy_ar-marker": 0.865052303068832,
  "eval_accuracy_obstacle": 0.6858936452309665,
  "eval_accuracy_conflicting": NaN,
  "eval_iou_unlabeled": NaN,
  "eval_iou_paved-area": 0.9157146934762614,
  "eval_iou_dirt": 0.5817600563862458,
  "eval_iou_grass": 0.9264084892544238,
  "eval_iou_gravel": 0.7297716486645341,
  "eval_iou_water": 0.902011879901061,
  "eval_iou_rocks": 0.436600022676594,
  "eval_iou_pool": 0.946593604318312,
  "eval_iou_vegetation": 0.7580813294427371,
  "eval_iou_roof": 0.9451100808279929,
  "eval_iou_wall": 0.579441182634685,
  "eval_iou_window": 0.41848546697853195,
  "eval_iou_door": 0.0,
  "eval_iou_fence": 0.46100323153512474,
  "eval_iou_fence-pole": 0.0,
  "eval_iou_person": 0.6631038375454326,
  "eval_iou_dog": NaN,
  "eval_iou_car": 0.8983834900909821,
  "eval_iou_bicycle": 0.4242524134683306,
  "eval_iou_tree": 0.6691445507106631,
  "eval_iou_bald-tree": 0.5644028458306154,
  "eval_iou_ar-marker": 0.8106146764148389,
  "eval_iou_obstacle": 0.5542090200831896,
  "eval_iou_conflicting": NaN,
  "eval_runtime": 2.2829,
  "eval_samples_per_second": 17.522,
  "eval_steps_per_second": 4.38,
  "epoch": 50.0
}